date,year,month,month_index,policy_count,new_policies,lapsed_policies,retention_rate,economic_stress,inflation_index,claims_count,average_claim_cost,total_claims,earned_premium,expense_ratio,operating_expense,loss_ratio,lapse_rate,operating_margin
2019-01-01,2019,1,1,12005,775,485,0.95962,0.22855,100.19965,489,1162.86,568638.98,1103027.37,0.22874,252301.32,0.51553,0.04038,0.25723
2019-02-01,2019,2,2,12042,844,460,0.96179,0.1602,100.46336,448,1220.75,546894.47,1121340.87,0.22634,253801.98,0.48771,0.03821,0.27596
2019-03-01,2019,3,3,11780,874,452,0.96161,0.2369,100.7031,463,1070.54,495658.98,1043246.27,0.24258,253067.16,0.47511,0.03839,0.27418
2019-04-01,2019,4,4,11788,783,442,0.9625,0.28164,100.94959,505,1144.58,578014.17,1079001.92,0.22953,247664.44,0.53569,0.0375,0.24093
2019-05-01,2019,5,5,11399,769,426,0.96259,0.30147,101.2431,473,1073.54,507783.8,1022564.09,0.23452,239815.5,0.49658,0.03741,0.26055
2019-06-01,2019,6,6,11795,789,454,0.96154,0.30626,101.53272,447,1113.07,497543.85,1054504.88,0.22134,233403.21,0.47183,0.03846,0.29651
2019-07-01,2019,7,7,11727,723,445,0.96202,0.41558,101.85827,411,1039.67,427303.58,1031988.75,0.22546,232673.7,0.41406,0.03798,0.35517
2019-08-01,2019,8,8,11732,737,437,0.96276,0.36097,102.10254,431,1208.21,520738.46,1066256.33,0.21532,229584.54,0.48838,0.03724,0.28725
2019-09-01,2019,9,9,11699,764,523,0.95531,0.48881,102.40721,446,1195.36,533130.83,1117863.09,0.214,239225.78,0.47692,0.04469,0.30988
2019-10-01,2019,10,10,12119,790,543,0.95516,0.40275,102.73119,422,1120.46,472835.73,1163922.74,0.21539,250699.41,0.40624,0.04484,0.3744
2019-11-01,2019,11,11,12197,777,601,0.95069,0.48439,102.96488,423,1167.24,493740.68,1184161.91,0.22088,261558.64,0.41695,0.04931,0.3658
2019-12-01,2019,12,12,12180,711,540,0.95566,0.5416,103.21544,466,1323,616518.2,1186745.39,0.22357,265320.95,0.5195,0.04434,0.25824
2020-01-01,2020,1,13,12224,809,554,0.95466,0.36056,103.43344,435,1243.71,541011.77,1188727.97,0.23313,277131.16,0.45512,0.04534,0.30685
2020-02-01,2020,2,14,12049,852,571,0.95265,0.41333,103.64467,504,1113.97,561442.06,1118284.35,0.23626,264206.6,0.50206,0.04735,0.25869
2020-03-01,2020,3,15,12054,848,530,0.95604,0.41248,103.91737,497,1180,586458.36,1101396.9,0.24194,266468.74,0.53247,0.04396,0.22588
2020-04-01,2020,4,16,11929,802,464,0.96114,0.43768,104.21602,525,1076.3,565056.73,1098901.65,0.24108,264924.46,0.5142,0.03886,0.24017
2020-05-01,2020,5,17,11799,704,472,0.95999,0.37368,104.5289,486,1045.76,508240.61,1114322.22,0.22998,256275.85,0.4561,0.04001,0.30872
2020-06-01,2020,6,18,11688,793,399,0.96589,0.23288,104.81863,484,1113.77,539062.83,1086007.45,0.2241,243370.25,0.49637,0.03411,0.28842
2020-07-01,2020,7,19,11991,803,424,0.96463,0.21798,105.02466,421,1118.59,470924.95,1095713.67,0.22507,246614.94,0.42979,0.03537,0.34298
2020-08-01,2020,8,20,12053,759,513,0.95748,0.37757,105.36391,455,1092.35,497017.32,1134258.17,0.22252,252391.77,0.43819,0.04252,0.34598
2020-09-01,2020,9,21,12061,768,480,0.96018,0.26592,105.58915,424,1180.04,500335.38,1155507.61,0.21489,248304.8,0.433,0.03982,0.3532
2020-10-01,2020,10,22,12143,794,521,0.95709,0.16093,105.83268,419,1212.81,508167.92,1170799.76,0.22281,260865.1,0.43403,0.04291,0.34631
2020-11-01,2020,11,23,12464,781,530,0.95744,0.21015,106.06101,411,1152.76,473782.36,1235944.71,0.22505,278145.77,0.38334,0.04256,0.38573
2020-12-01,2020,12,24,12444,855,507,0.95923,0.24917,106.30601,432,1246.55,538508.76,1227105.78,0.2242,275115,0.43884,0.04077,0.33695
2021-01-01,2021,1,25,12499,844,524,0.95809,0.25476,106.56411,427,1212.37,517681.26,1242293.47,0.23105,287029.7,0.41671,0.04191,0.35152
2021-02-01,2021,2,26,12270,803,467,0.96193,0.11277,106.80241,470,1245.24,585260.61,1212784.2,0.24057,291760.13,0.48258,0.03807,0.2683
2021-03-01,2021,3,27,12203,899,454,0.96278,0.09925,107.03332,456,1150.01,524405.73,1172101.54,0.23966,280905.55,0.44741,0.03722,0.31001
2021-04-01,2021,4,28,12359,901,424,0.96566,0.00596,107.25836,508,1161.81,590200.12,1172929.86,0.23613,276964.2,0.50318,0.03434,0.25908
2021-05-01,2021,5,29,12180,861,421,0.96545,0.10386,107.4714,481,1065.92,512705.62,1140150.28,0.23379,266550.97,0.44968,0.03455,0.31793
2021-06-01,2021,6,30,12201,763,403,0.96701,0.04073,107.67612,509,1146.69,583662.67,1160342.54,0.22679,263156.56,0.50301,0.03299,0.26776
2021-07-01,2021,7,31,12392,784,482,0.9611,0.09277,107.84081,418,1182.28,494191.22,1184188.26,0.22053,261144.07,0.41732,0.0389,0.36639
2021-08-01,2021,8,32,12302,810,410,0.96665,0.10798,108.05847,466,1203.56,560861.14,1185428.4,0.21135,250540.13,0.47313,0.03335,0.31936
2021-09-01,2021,9,33,12191,779,461,0.96219,0.13261,108.27388,396,1158.43,458739.8,1180977.86,0.21116,249378.86,0.38844,0.03781,0.38813
2021-10-01,2021,10,34,12636,812,513,0.9594,0.06367,108.6096,400,1235.74,494297.62,1267959.32,0.21522,272885.61,0.38984,0.0406,0.38805
2021-11-01,2021,11,35,12836,897,588,0.95417,0.13736,108.7916,437,1261.34,551203.8,1269803.28,0.21412,271884.09,0.43409,0.04583,0.3427
2021-12-01,2021,12,36,13016,812,544,0.95818,0.04845,109.0229,480,1223.11,587091.81,1310678.05,0.21854,286429.58,0.44793,0.04182,0.33132
2022-01-01,2022,1,37,12573,767,563,0.95524,0.12078,109.19765,485,1256.5,609402.46,1264141.99,0.22932,289890.08,0.48207,0.04476,0.29965
2022-02-01,2022,2,38,12520,860,467,0.96272,0.14589,109.37634,435,1096.69,477061.36,1299887.64,0.22974,298633.64,0.367,0.03728,0.40526
2022-03-01,2022,3,39,12474,834,517,0.95854,0.09803,109.61309,501,1191.2,596790.62,1207536.97,0.23519,284006.04,0.49422,0.04146,0.26299
2022-04-01,2022,4,40,12211,817,504,0.9587,0.60181,109.86544,507,1125.1,570424.07,1219565.15,0.24333,296752.41,0.46773,0.0413,0.29158
2022-05-01,2022,5,41,12176,756,502,0.95873,0.64156,110.16235,488,1185.19,578372.77,1204207.35,0.23041,277458.98,0.48029,0.04127,0.28724
2022-06-01,2022,6,42,12216,845,476,0.96108,0.64351,110.44245,427,1247.64,532741.93,1182667.3,0.22709,268575.04,0.45046,0.03892,0.32328
2022-07-01,2022,7,43,12131,736,525,0.95671,0.72791,110.72525,438,1215.89,532561.28,1193992.43,0.23238,277456.15,0.44603,0.04329,0.32234
2022-08-01,2022,8,44,12645,728,604,0.95224,0.67937,110.94578,448,1177.86,527679.04,1239218.83,0.22851,283178.53,0.42582,0.04776,0.33648
2022-09-01,2022,9,45,12566,733,641,0.94897,0.66947,111.19713,459,1217.42,558796.19,1251909.46,0.21569,270027.43,0.44636,0.05103,0.34555
2022-10-01,2022,10,46,12669,767,592,0.95326,0.77753,111.51762,483,1220.29,589400.92,1295737.21,0.23214,300791.31,0.45488,0.04674,0.31859
2022-11-01,2022,11,47,12864,762,656,0.949,0.72858,111.84775,485,1187.2,575790.04,1328390.17,0.23324,309835.68,0.43345,0.051,0.33076
2022-12-01,2022,12,48,12838,708,707,0.9449,0.84947,112.14997,507,1351.44,685180.07,1329575.94,0.23308,309903.89,0.51534,0.0551,0.24267
2023-01-01,2023,1,49,12822,790,640,0.95011,0.75843,112.46098,528,1367.23,721898.36,1357778.78,0.24026,326222.19,0.53168,0.04989,0.21846
2023-02-01,2023,2,50,12929,827,634,0.95095,0.81005,112.82311,658,1286.84,846738.85,1344575.33,0.24595,330704.78,0.73974,0.04905,0.01986
2023-03-01,2023,3,51,12621,801,587,0.95346,0.78524,113.19493,504,1213.37,611537.21,1303074.95,0.24484,319040.89,0.4693,0.04654,0.29126
2023-04-01,2023,4,52,12398,821,566,0.95437,0.71669,113.45705,509,1218.56,620246.23,1241848.18,0.23808000000000001,295661.49,0.49945,0.04563,0.25845
2023-05-01,2023,5,53,12578,805,537,0.95732,0.46667,113.72836,494,1180.29,583063.03,1238040.92,0.22943,284039.7,0.47096,0.04268,0.30248
2023-06-01,2023,6,54,12490,794,496,0.96032,0.39785,114.04416,449,1143.36,513367.26,1272012.86,0.23365,297199.86,0.40359,0.03968,0.36545
2023-07-01,2023,7,55,12536,802,485,0.96128,0.34449,114.28671,462,1163.04,537326.19,1262933.1,0.22407,282991.31,0.42546,0.03872,0.36051
2023-08-01,2023,8,56,12590,810,486,0.96143,0.32539,114.54365,434,1190.19,516541.68,1261725.69,0.21741,274306.51,0.40939,0.03857,0.37634
2023-09-01,2023,9,57,12922,736,545,0.95781,0.31522,114.79804,452,1248.65,564390.95,1330857.1,0.21315,283668.29,0.42408,0.04219,0.37437
2023-10-01,2023,10,58,13013,791,535,0.9589,0.25449,115.01307,351,1300.3,456406.14,1347386.38,0.21009,283072.04,0.35,0.0411,0.44141
2023-11-01,2023,11,59,13252,825,540,0.95925,0.06909,115.22357,426,1155.58,492278.3,1404575.21,0.21488,301813.7,0.35,0.04075,0.43961
2023-12-01,2023,12,60,13187,805,607,0.95395,0.20268,115.46672,434,1362.64,591387.1,1425168.93,0.22415,319444.75,0.41496,0.04605,0.3669
2024-01-01,2024,1,61,13135,817,568,0.95672,0.14164,115.68716,448,1379.24,617901.55,1384436.11,0.2229,308596.04,0.44632,0.04328,0.33031
2024-02-01,2024,2,62,13288,848,550,0.9586,0.14356,115.96892,528,1193.74,630293.25,1402434.98,0.23086,323771.99,0.44943,0.0414,0.33242
2024-03-01,2024,3,63,12996,888,679,0.94773,0.1412,116.18663,489,1187.52,580699.21,1363424.26,0.23706,323208.1,0.42591,0.05227,0.34139
2024-04-01,2024,4,64,13028,847,510,0.96082,0.1641,116.40899,489,1230.73,601826.64,1329711.43,0.23456,311894.65,0.4526,0.03918,0.32038
2024-05-01,2024,5,65,12721,824,471,0.96295,0.04449,116.6622,450,1162.63,523185.74,1264911.25,0.22904,289714.15,0.41361,0.03705,0.35933
2024-06-01,2024,6,66,12774,833,420,0.96712,0.13786,116.85649,459,1226.03,562746.67,1298221.48,0.22621,293664.87,0.43348,0.03288,0.34807
2024-07-01,2024,7,67,12863,773,447,0.96521,0.08679,117.08528,419,1194.45,500473.27,1301461.62,0.2234,290748.67,0.38455,0.03479,0.39204
2024-08-01,2024,8,68,12956,839,476,0.96327,0.12466000000000001,117.25818,403,1137.28,458323.03,1363653.6,0.2137,291409.81,0.35,0.03673,0.44095
2024-09-01,2024,9,69,13314,789,498,0.96262,0.12689,117.54009,416,1245.43,518096.84,1401349.5,0.21673,303709.59,0.36971,0.03738,0.41696
2024-10-01,2024,10,70,13299,817,512,0.96151,0.13016,117.76476,422,1200.04,506415.72,1319876.07,0.21424,282772.53,0.38368,0.03849,0.40948
2024-11-01,2024,11,71,13461,835,555,0.95876,0.05996,117.97325,433,1263.77,547210.95,1422463.19,0.22441,319221.68,0.38469,0.04124,0.39368
2024-12-01,2024,12,72,13358,842,589,0.95587,0.12979,118.15929,507,1276.41,647139.33,1430606.96,0.22244,318220.21,0.45235,0.04413,0.32628
2025-01-01,2025,1,73,13356,918,617,0.9538,0.19118,118.40192,523,1242.46,649809.17,1460509.47,0.22867,333973.01,0.44492,0.0462,0.32318
2025-02-01,2025,2,74,13499,846,494,0.96337,0.14076,118.6068,450,1322.38,595072.82,1450759.8,0.2376,344694.78,0.41018,0.03663,0.34648
2025-03-01,2025,3,75,13409,913,509,0.96205,0.1916,118.82845,497,1238.3,615437.36,1414040.68,0.23565,333215.09,0.43523,0.03795,0.32191
2025-04-01,2025,4,76,13278,858,504,0.96206,0.27905,119.13345,502,1238.99,621975.1,1367952.26,0.24071,329282.91,0.45468,0.03794,0.30978
2025-05-01,2025,5,77,12879,801,438,0.96597,0.31967,119.38478,453,1297.36,587702.14,1390539.99,0.22986,319626.57,0.42264,0.03403,0.33946
2025-06-01,2025,6,78,13272,819,474,0.9643,0.33475,119.60208,463,1185.84,549045.05,1409765.21,0.22697,319979.51,0.38946,0.0357,0.38731
2025-07-01,2025,7,79,13212,832,471,0.96433,0.29571,119.8641,433,1210.18,524010.05,1368877.15,0.22739,311270.24,0.3828,0.03567,0.38625
2025-08-01,2025,8,80,13198,777,494,0.96255,0.31071,120.10687,508,1216.36,617908.51,1388970.78,0.21889,304034.54,0.44487,0.03745,0.34238
2025-09-01,2025,9,81,13402,751,512,0.96179,0.46352,120.4061,466,1316.04,613273.76,1449701.95,0.21864,316957.7,0.42303,0.03821,0.36349
2025-10-01,2025,10,82,13361,791,600,0.95509,0.41878,120.73365,422,1312.68,553949.37,1460980.26,0.21857,319325.14,0.37916,0.04491,0.39829
2025-11-01,2025,11,83,13460,835,600,0.95542,0.42357,120.96477,480,1294.86,621534.47,1516358.02,0.22574,342305.43,0.40989,0.04458,0.36176
2025-12-01,2025,12,84,13653,821,680,0.95018,0.42122,121.2535,479,1368.32,655425.11,1520432.62,0.23327,354669.02,0.43108,0.04982,0.33005
