Date,SPY,XLB,XLC,XLE,XLF,XLI,XLK,XLP,XLRE,XLU,XLV,XLY
2007-01-31,101.0682601928711,12.033317565917969,,16.406877517700195,20.751277923583984,24.767980575561523,9.23737621307373,16.05352020263672,,9.463400840759277,24.834758758544922,15.477270126342773
2007-02-28,99.08556365966797,12.355311393737793,,16.070772171020508,20.118886947631836,24.490779876708984,8.988245010375977,15.806538581848145,,9.965149879455566,24.259052276611328,15.014450073242188
2007-03-31,99.83784484863281,12.630836486816406,,17.025419235229492,19.939800262451172,24.636301040649414,9.077777862548828,16.05352020263672,,10.267749786376953,24.21587371826172,14.916390419006348
2007-04-30,104.67374420166016,12.836506843566895,,17.956867218017578,20.799297332763672,25.835546493530273,9.505974769592285,16.587200164794922,,10.830238342285156,26.08335304260254,15.297127723693848
2007-05-31,108.22428131103516,13.594329833984375,,19.353866577148438,21.29947280883789,27.175939559936523,9.984776496887207,16.81117820739746,,10.879638671875,26.53117561340332,15.756855010986328
2007-06-30,106.18435668945312,13.46137809753418,,19.54938507080078,20.332839965820312,27.113433837890625,9.965311050415039,16.375314712524414,,10.291974067687988,25.505470275878906,15.454298973083496
2007-07-31,103.30301666259766,13.161438941955566,,19.608985900878906,18.590595245361328,27.440908432006836,9.95283317565918,16.0071964263916,,9.949469566345215,24.422931671142578,14.564432144165039
2007-08-31,104.62864685058594,13.071292877197266,,19.844867706298828,19.070898056030273,27.447860717773438,10.143712997436523,16.384841918945312,,10.106568336486816,24.982128143310547,14.6549711227417
2007-09-30,108.16619110107422,14.059568405151367,,21.257291793823242,19.39298439025879,28.603717803955078,10.50598430633545,17.042667388916016,,10.420761108398438,25.67203712463379,14.497514724731445
2007-10-31,110.15376281738281,14.710975646972656,,21.854595184326172,19.20060920715332,28.37739372253418,11.085142135620117,17.40097999572754,,11.193017959594727,26.242525100708008,14.455047607421875
2007-11-30,105.88721466064453,13.9697265625,,20.934255599975586,17.64657974243164,27.572620391845703,10.24985408782959,17.878719329833984,,11.266850471496582,26.577760696411133,13.666237831115723
2007-12-31,104.14208221435547,13.986499786376953,,22.609668731689453,16.468238830566406,27.404664993286133,10.405982971191406,17.639848709106445,,11.161378860473633,25.732397079467773,12.89714241027832
2008-01-31,98.36488342285156,13.526968955993652,,19.88259506225586,16.738906860351562,26.016990661621094,9.116829872131348,16.745330810546875,,10.420150756835938,24.64866065979004,12.941668510437012
2008-02-29,95.82286071777344,13.838481903076172,,21.725173950195312,14.837538719177246,25.489620208740234,8.685491561889648,16.702238082885742,,9.99239730834961,23.990381240844727,12.441161155700684
2008-03-31,94.49817657470703,13.601460456848145,,21.156692504882812,14.286087036132812,26.29825210571289,8.783528327941895,17.151649475097656,,10.080072402954102,22.798179626464844,12.202823638916016
2008-04-30,99.49232482910156,14.370797157287598,,23.420738220214844,15.408867835998535,27.191970825195312,9.335023880004883,17.11339569091797,,10.671954154968262,23.12799072265625,12.509259223937988
2008-05-31,100.99627685546875,15.118037223815918,,24.63832664489746,14.337602615356445,27.432109832763672,9.942975044250488,17.63329315185547,,11.054625511169434,23.568798065185547,12.85132884979248
2008-06-30,92.09475708007812,14.173789024353027,,25.34882164001465,11.73182487487793,24.020751953125,8.985943794250488,16.556354522705078,,10.891383171081543,22.466773986816406,11.327939987182617
2008-07-31,91.7237319946289,13.778092384338379,,21.371305465698242,12.63612174987793,24.324857711791992,8.791305541992188,17.032337188720703,,10.265807151794434,23.582836151123047,11.388975143432617
2008-08-31,93.14120483398438,13.563122749328613,,21.443130493164062,12.513442993164062,24.991859436035156,8.948644638061523,17.492328643798828,,10.15257740020752,24.069997787475586,12.17538833618164
2008-09-30,83.88422393798828,11.396434783935547,,18.18285369873047,11.619625091552734,21.85546875,7.807936191558838,17.156660079956055,,8.958320617675781,22.180416107177734,11.137481689453125
2008-10-31,70.43299102783203,8.896525382995605,,14.812198638916016,9.15951156616211,17.965200424194336,6.571692943572998,15.09550952911377,,7.862660884857178,19.723243713378906,9.205777168273926
2008-11-30,65.53038787841797,7.945775985717773,,14.489445686340332,7.466798782348633,16.488319396972656,6.019118785858154,15.064208984375,,8.19174575805664,18.477571487426758,8.20828628540039
2008-12-31,65.6395263671875,7.805052280426025,,13.766119003295898,7.384227275848389,16.709484100341797,6.082269668579102,14.939043045043945,,7.895296573638916,19.68618392944336,8.640933990478516
2009-01-31,60.738651275634766,7.316385269165039,,13.591318130493164,5.531067848205566,14.847518920898438,5.825141906738281,13.980969429016113,,7.981289386749268,19.567399978637695,7.782257080078125
2009-02-28,54.21235656738281,6.729267120361328,,11.914127349853516,4.549361228942871,12.318902969360352,5.602928161621094,12.851125717163086,,6.981565475463867,17.142921447753906,7.075876712799072
2009-03-31,58.31145095825195,7.715905666351318,,12.299392700195312,5.273669242858887,13.277043342590332,6.198142051696777,13.318209648132324,,7.036644458770752,18.06049156188965,7.931604862213135
2009-04-30,64.56330871582031,8.972197532653809,,13.32925033569336,6.487408638000488,15.827178001403809,6.879448890686035,13.968528747558594,,7.197910308837891,18.149972915649414,9.45152759552002
2009-05-31,68.33726501464844,9.496475219726562,,15.047085762023926,7.394309997558594,16.358139038085938,7.038974285125732,14.67965030670166,,7.454084396362305,19.38849639892578,9.382537841796875
2009-06-30,67.90887451171875,9.017630577087402,,13.990178108215332,7.2250237464904785,15.972652435302734,7.262303829193115,14.597114562988281,,7.7659478187561035,19.748788833618164,9.366304397583008
2009-07-31,73.38752746582031,10.232181549072266,,14.81377124786377,7.906468391418457,17.485204696655273,7.892082691192627,15.687729835510254,,8.150199890136719,21.024877548217773,10.298859596252441
2009-08-31,76.09844207763672,10.474635124206543,,14.974729537963867,8.933521270751953,18.319929122924805,8.020277976989746,15.879672050476074,,8.231870651245117,21.59067153930664,10.661579132080078
2009-09-30,78.423095703125,10.871692657470703,,15.779512405395508,9.079368591308594,19.286449432373047,8.360803604125977,16.289138793945312,,8.260031700134277,21.628398895263672,11.195469856262207
2009-10-31,77.28175354003906,10.352293968200684,,16.24056053161621,8.564967155456543,18.615781784057617,8.287261009216309,16.643850326538086,,8.077842712402344,21.268871307373047,10.96607494354248
2009-11-30,82.0428466796875,11.467268943786621,,16.702049255371094,8.936820983886719,20.249906539916992,8.74565601348877,17.255998611450195,,8.467649459838867,23.246488571166992,11.702054977416992
2009-12-31,83.16222381591797,11.640165328979492,,16.757905960083008,8.778325080871582,20.456018447875977,9.220132827758789,17.056245803833008,,8.826162338256836,23.541994094848633,12.172262191772461
2010-01-31,80.5713882446289,10.693365097045898,,16.10728645324707,8.676299095153809,20.2851505279541,8.45826244354248,17.04214859008789,,8.501961708068848,23.83201789855957,11.885231018066406
2010-02-28,83.08478546142578,11.175883293151855,,16.591981887817383,8.9822359085083,21.366836547851562,8.752847671508789,17.58203887939453,,8.389677047729492,23.923444747924805,12.547117233276367
2010-03-31,87.78144073486328,12.034473419189453,,16.99983787536621,9.759312629699707,23.144933700561523,9.321846008300781,18.16745948791504,,8.539390563964844,24.47962760925293,13.500897407531738
2010-04-30,89.5064926147461,12.08547592163086,,17.768192291259766,9.910338401794434,24.21298599243164,9.468920707702637,18.048460006713867,,8.841973304748535,23.606029510498047,14.342209815979004
2010-05-31,82.39478302001953,10.933459281921387,,15.733642578125,9.002711296081543,22.005046844482422,8.760475158691406,17.21233558654785,,8.353981971740723,22.069490432739258,13.333065032958984
2010-06-30,77.76164245605469,10.08722972869873,,14.734163284301758,8.469172477722168,20.3918399810791,8.258484840393066,16.657102584838867,,8.208744049072266,21.557310104370117,11.998523712158203
2010-07-31,83.4680404663086,11.431766510009766,,16.040748596191406,9.040070533752441,22.62877082824707,8.905217170715332,17.750328063964844,,8.914692878723145,21.9511661529541,12.991744041442871
2010-08-31,79.7136001586914,11.085346221923828,,15.254203796386719,8.333333969116211,21.059921264648438,8.405518531799316,17.421377182006836,,9.04384994506836,21.590049743652344,12.475214004516602
2010-09-30,86.38984680175781,11.706754684448242,,16.702157974243164,8.818831443786621,23.368371963500977,9.352102279663086,18.34244728088379,,9.211162567138672,23.42635726928711,13.805792808532715
2010-10-31,90.17030334472656,12.681099891662598,,17.730731964111328,8.967988014221191,24.163251876831055,9.928184509277344,19.062976837158203,,9.406478881835938,24.071983337402344,14.61708927154541
2010-11-30,90.17030334472656,12.823210716247559,,18.76932144165039,8.906397819519043,24.486133575439453,9.765095710754395,18.764799118041992,,9.121794700622559,23.37692642211914,14.986048698425293
2010-12-31,95.69512176513672,13.99658203125,,20.427465438842773,9.824139595031738,26.18311309814453,10.27068042755127,19.4207706451416,,9.293790817260742,24.326833724975586,15.508378982543945
2011-01-31,98.4398422241211,14.12139892578125,,21.991437911987305,10.137935638427734,27.350852966308594,10.634966850280762,19.302968978881836,,9.519091606140137,24.592754364013672,15.503938674926758
2011-02-28,101.85932922363281,14.496103286743164,,23.611860275268555,10.416109085083008,27.931982040405273,10.868207931518555,19.864412307739258,,9.636129379272461,25.361270904541016,16.433839797973633
2011-03-31,101.43096923828125,14.701826095581055,,23.975624084472656,10.131753921508789,28.430084228515625,10.663606643676758,19.998088836669922,,9.564107894897461,25.702844619750977,16.283723831176758
2011-04-30,104.82194519042969,15.063674926757812,,24.27654266357422,10.15207290649414,29.335744857788086,10.978835105895996,21.187416076660156,,10.04936408996582,27.48097801208496,16.965871810913086
2011-05-31,103.64639282226562,14.650870323181152,,23.259998321533203,9.817388534545898,28.5246524810791,10.863876342773438,21.71843719482422,,10.264531135559082,28.159412384033203,16.919857025146484
2011-06-30,101.39524841308594,14.510811805725098,,22.72909927368164,9.513692855834961,28.2290096282959,10.551834106445312,20.992473602294922,,10.14633846282959,27.707122802734375,16.823627471923828
2011-07-31,99.85950469970703,14.087919235229492,,23.145944595336914,9.20576286315918,26.418794631958008,10.63943862915039,20.868928909301758,,10.154862403869629,26.73797607421875,16.64790153503418
2011-08-31,94.36967468261719,13.098319053649902,,20.781387329101562,8.322501182556152,24.681926727294922,10.07469654083252,20.909547805786133,,10.375286102294922,26.173736572265625,15.774569511413574
2011-09-30,87.36646270751953,10.881908416748047,,17.714439392089844,7.345943927764893,22.259441375732422,9.728426933288574,20.07695198059082,,10.292628288269043,24.865055084228516,14.636713027954102
2011-10-31,97.40359497070312,12.836356163024902,,21.188215255737305,8.429767608642578,25.601442337036133,10.762678146362305,21.1612606048584,,10.778112411499023,26.44084358215332,16.43952751159668
2011-11-30,97.00775146484375,12.862449645996094,,21.54079818725586,7.998908042907715,25.961483001708984,10.601300239562988,21.74755096435547,,10.889445304870605,26.692970275878906,16.321561813354492
2011-12-31,97.40359497070312,12.48238468170166,,21.011926651000977,8.117552757263184,25.85424041748047,10.530950546264648,22.1497802734375,,11.127592086791992,27.331146240234375,16.43952751159668
2012-01-31,102.56703186035156,13.9500150680542,,21.577030181884766,8.835677146911621,27.932323455810547,11.233682632446289,22.03358268737793,,10.845664978027344,28.363859176635742,17.509592056274414
2012-02-29,107.01901245117188,13.871228218078613,,22.8559627532959,9.275577545166016,28.711212158203125,12.031634330749512,22.85907554626465,,10.911337852478027,28.664934158325195,18.30201530456543
2012-03-31,109.97915649414062,13.871228218078613,,21.900583267211914,9.9291410446167,28.857738494873047,12.534510612487793,23.44379997253418,,10.958248138427734,29.79790687561035,19.107145309448242
2012-04-30,109.72371673583984,13.811049461364746,,21.828901290893555,9.727585792541504,28.674633026123047,12.43300724029541,23.637056350708008,,11.255309104919434,29.86865234375,19.387014389038086
2012-05-31,103.13419342041016,12.737652778625488,,19.49708366394043,8.832365036010742,26.861642837524414,11.644996643066406,23.360435485839844,,11.318436622619629,28.78571319580078,18.32011604309082
2012-06-30,106.7662582397461,13.291297912597656,,20.3366641998291,9.22953987121582,27.636428833007812,11.978545188903809,24.045072555541992,,11.675098419189453,30.26679229736328,18.609159469604492
2012-07-31,108.58903503417969,13.19293212890625,,21.444780349731445,9.286590576171875,27.876190185546875,12.246891975402832,24.809471130371094,,12.080021858215332,30.734155654907227,18.57255744934082
2012-08-31,111.3094711303711,13.499661445617676,,22.023622512817383,9.603321075439453,28.304340362548828,12.761713981628418,24.69109535217285,,11.57987117767334,31.09441375732422,19.429950714111328
2012-09-30,113.52525329589844,13.935131072998047,,22.60862159729004,9.875714302062988,28.436660766601562,12.904021263122559,24.948728561401367,,11.59261703491211,32.119171142578125,19.95888900756836
2012-10-31,112.05425262451172,13.715009689331055,,22.24903106689453,10.113936424255371,28.58938217163086,12.133575439453125,24.81629753112793,,11.879462242126465,32.20637130737305,19.720355987548828
2012-11-30,112.6884994506836,13.970049858093262,,21.97687339782715,10.024882316589355,29.0908203125,12.242850303649902,25.272096633911133,,11.370798110961914,32.375335693359375,20.345304489135742
2012-12-31,112.89456176757812,14.289798736572266,,22.088211059570312,10.425625801086426,29.694108963012695,12.125167846679688,24.472688674926758,,11.242025375366211,32.08570861816406,20.306779861450195
2013-01-31,119.5153579711914,14.984478950500488,,24.04409408569336,11.12463665008545,31.632457733154297,12.427410125732422,26.144195556640625,,11.909354209899902,34.7099494934082,21.595888137817383
2013-02-28,121.040283203125,14.780946731567383,,24.149784088134766,11.259055137634277,32.334861755371094,12.524626731872559,27.009294509887695,,12.186091423034668,35.146766662597656,21.940532684326172
2013-03-31,125.07991790771484,15.04592227935791,,24.65335464477539,11.655905723571777,32.95836639404297,12.795159339904785,28.200563430786133,,12.729792594909668,37.169002532958984,22.83228302001953
2013-04-30,128.050048828125,15.25055980682373,,24.439102172851562,12.009905815124512,32.85567092895508,13.07242202758789,29.17363166809082,,13.605515480041504,38.45098114013672,23.596269607543945
2013-05-31,131.07322692871094,15.53976821899414,,25.135395050048828,12.742060661315918,34.5043830871582,13.437433242797852,28.539409637451172,,12.3740234375,39.084659576416016,24.248722076416016
2013-06-30,128.6434783935547,14.78784465789795,,24.4484806060791,12.491584777832031,33.798946380615234,12.983293533325195,28.268627166748047,,12.3576078414917,38.6784553527832,24.369709014892578
2013-07-31,136.0072784423828,15.728687286376953,,25.858240127563477,13.212563514709473,35.979331970214844,13.535151481628418,29.68680191040039,,13.025507926940918,41.63639450073242,25.735197067260742
2013-08-31,131.92803955078125,15.709251403808594,,25.591567993164062,12.535490036010742,35.0870361328125,13.394379615783691,28.338380813598633,,12.375227928161621,40.167449951171875,25.002626419067383
2013-09-30,135.44288635253906,16.323171615600586,,26.011964797973633,12.8385591506958,36.975215911865234,13.667386054992676,28.546369552612305,,12.398452758789062,41.28547286987305,26.281370162963867
2013-10-31,142.40562438964844,17.092206954956055,,27.2294979095459,13.316458702087402,38.91439437866211,14.423649787902832,30.567461013793945,,12.989496231079102,43.242183685302734,27.567089080810547
2013-11-30,146.62619018554688,17.314802169799805,,27.24526023864746,13.905563354492188,40.339073181152344,14.86943244934082,31.0438289642334,,12.738283157348633,45.28258514404297,28.519182205200195
2013-12-31,149.61546325683594,18.048938751220703,,27.8977108001709,14.151571273803711,41.8277702331543,15.319503784179688,31.022178649902344,,12.71818733215332,45.430084228515625,29.053905487060547
2014-01-31,145.12533569335938,17.305927276611328,,26.403186798095703,13.697775840759277,40.246864318847656,14.998724937438965,29.643470764160156,,13.236886978149414,46.0450553894043,27.420021057128906
2014-02-28,151.73080444335938,18.50052833557129,,27.755329132080078,14.114045143127441,41.879905700683594,15.657777786254883,30.799827575683594,,13.693910598754883,48.90846252441406,29.17469024658203
2014-03-31,152.3173065185547,18.579120635986328,,28.201812744140625,14.53031063079834,42.09711837768555,15.657777786254883,31.316194534301758,,14.035839080810547,48.12678527832031,28.249338150024414
2014-04-30,154.05307006835938,18.807188034057617,,29.82977867126465,14.336087226867676,42.84608840942383,15.768402099609375,32.337799072265625,,14.750171661376953,47.987796783447266,27.952924728393555
2014-05-31,157.6280975341797,19.363481521606445,,30.32937240600586,14.551515579223633,43.670223236083984,16.361066818237305,32.92258071899414,,14.589731216430664,49.366668701171875,28.758575439453125
2014-06-30,160.11505126953125,19.584409713745117,,31.853647232055664,14.845292091369629,43.67829132080078,16.590341567993164,32.61555862426758,,15.108597755432129,50.22533416748047,29.22270393371582
2014-07-31,158.72042846679688,19.283693313598633,,30.892196655273438,14.687761306762695,42.0676155090332,16.949331283569336,31.74993133544922,,14.201518058776855,50.48028564453125,28.942745208740234
2014-08-31,164.98410034179688,20.02887725830078,,31.566755294799805,15.31039810180664,43.84512710571289,17.505605697631836,33.21453857421875,,14.900406837463379,52.92515563964844,30.229772567749023
2014-09-30,161.95091247558594,19.656288146972656,,28.970827102661133,15.185873985290527,43.13899612426758,17.34046173095703,33.199825286865234,,14.490710258483887,52.966609954833984,29.294145584106445
2014-10-31,166.5398712158203,19.273574829101562,,28.09160614013672,15.689579010009766,45.02236557006836,17.694442749023438,34.59510803222656,,15.795467376708984,55.949981689453125,30.01355743408203
2014-11-30,171.11497497558594,19.576215744018555,,25.64942169189453,16.058124542236328,46.4086799621582,18.545547485351562,36.513343811035156,,15.979584693908691,57.896209716796875,31.64865493774414
2014-12-31,169.74407958984375,19.345251083374023,,25.43733787536621,16.275306701660156,46.139549255371094,18.0479793548584,35.91344451904297,,16.403398513793945,56.87317657470703,31.798507690429688
2015-01-31,165.62380981445312,19.110549926757812,,24.4281063079834,15.220699310302734,44.75034713745117,17.505685806274414,35.821109771728516,,16.935123443603516,57.82669448852539,30.974409103393555
2015-02-28,174.93264770507812,20.633298873901367,,25.550085067749023,16.107080459594727,47.1448974609375,18.90526580810547,37.305572509765625,,15.852149963378906,60.30603790283203,33.62089157104492
2015-03-31,171.4199676513672,19.54733657836914,,25.084476470947266,15.948328971862793,45.734413146972656,18.181344985961914,36.35819625854492,,15.571770668029785,60.52309036254883,33.34651565551758
2015-04-30,173.8784942626953,20.28094482421875,,26.915138244628906,16.021135330200195,45.8292236328125,18.75798225402832,36.303157806396484,,15.620190620422363,60.03104019165039,33.440738677978516
2015-05-31,176.1138916015625,20.35736656188965,,25.51860237121582,16.333194732666016,45.97752380371094,19.10599708557129,36.618377685546875,,15.719095230102539,62.735008239746094,33.88036346435547
2015-06-30,171.70138549804688,19.464391708374023,,24.467126846313477,16.1871280670166,44.535831451416016,18.238143920898438,35.72525405883789,,14.64526081085205,62.27454376220703,33.96028137207031
2015-07-31,176.43409729003906,18.56739044189453,,22.735570907592773,16.811378479003906,44.8894157409668,18.842374801635742,37.99320983886719,,15.680290222167969,64.33711242675781,35.73418426513672
2015-08-31,165.6804656982422,17.520832061767578,,21.768869400024414,15.624383926391602,42.463645935058594,17.802453994750977,35.727657318115234,,15.134920120239258,59.212989807128906,33.4000244140625
2015-09-30,160.61785888671875,16.130802154541016,,20.055021286010742,15.110910415649414,41.3045654296875,17.479412078857422,35.63703918457031,,15.430771827697754,55.634525299072266,33.079288482666016
2015-10-31,175.18603515625,18.398447036743164,,22.457632064819336,16.136363983154297,45.17357635498047,19.402957916259766,37.9114990234375,21.704517364501953,15.741989135742188,60.144222259521484,36.20421600341797
2015-11-30,175.8263702392578,18.58129119873047,,22.454322814941406,16.45802116394043,45.56480026245117,19.540748596191406,37.561866760253906,21.564250946044922,15.407360076904297,59.95033264160156,36.119258880615234
2015-12-31,171.765380859375,17.64268684387207,,19.91245460510254,15.968841552734375,44.124755859375,19.038450241088867,38.37511444091797,21.86861801147461,15.57287311553955,60.72593307495117,34.94777297973633
2016-01-31,164.1851043701172,15.871282577514648,,19.38996696472168,14.646093368530273,41.863590240478516,18.423749923706055,38.86452102661133,20.69660758972168,16.5118350982666,56.2758903503418,33.27396774291992
2016-02-29,164.0495147705078,17.111671447753906,,18.847009658813477,14.22127628326416,43.647335052490234,18.30313491821289,38.98702621459961,20.795869827270508,16.83174705505371,56.07270050048828,33.422122955322266
2016-03-31,174.18609619140625,18.343875885009766,,20.61579132080078,15.172059059143066,46.4527702331543,19.817594528198242,40.62553024291992,22.80242919921875,18.03868865966797,57.384979248046875,35.5143928527832
2016-04-30,175.77452087402344,19.348255157470703,,22.645034790039062,15.788020133972168,47.271888732910156,18.916505813598633,40.24946212768555,22.46209716796875,17.734800338745117,59.29868698120117,35.70563888549805
2016-05-31,178.7647705078125,19.28253173828125,,22.43368148803711,16.086036682128906,47.069881439208984,19.841447830200195,40.52653121948242,22.8486385345459,18.002172470092773,60.62417221069336,35.72368621826172
2016-06-30,178.4580078125,19.03605842590332,,22.89328956604004,15.483236312866211,47.1456413269043,19.4732666015625,42.44279861450195,24.044038772583008,19.21819305419922,60.93006134033203,35.19169616699219
2016-07-31,185.92852783203125,20.101428985595703,,22.753623962402344,16.103952407836914,49.12371826171875,20.957735061645508,42.349761962890625,25.02777099609375,19.24614715576172,64.15262603759766,36.9272346496582
2016-08-31,186.1511993408203,20.047761917114258,,23.135217666625977,16.723600387573242,49.5892333984375,21.201379776000977,42.10200500488281,24.090978622436523,18.17896842956543,62.07112503051758,36.44765853881836
2016-09-30,185.226318359375,19.71336555480957,,23.8443660736084,16.177696228027344,49.41148376464844,21.557819366455078,41.19615173339844,23.650724411010742,18.090351104736328,61.51658630371094,36.212398529052734
2016-10-31,182.93446350097656,19.399999618530273,,23.31241798400879,16.625621795654297,48.68585968017578,21.483890533447266,41.13190841674805,22.455211639404297,18.408472061157227,57.68687438964844,35.469417572021484
2016-11-30,189.67347717285156,20.72376251220703,,25.28626251220703,18.958599090576172,53.11107635498047,21.520143508911133,39.402488708496094,21.77321434020996,17.410398483276367,58.87725830078125,37.1724967956543
2016-12-31,192.38462829589844,20.624170303344727,,25.588624954223633,19.581844329833984,52.94938278198242,21.90976333618164,40.28277587890625,22.31010627746582,18.088197708129883,59.039981842041016,36.96812438964844
2017-01-31,196.98147583007812,21.704404830932617,,24.897409439086914,19.721532821655273,54.266841888427734,22.789148330688477,41.273860931396484,22.69005584716797,18.492677688598633,60.65803146362305,38.75397872924805
2017-02-28,204.72119140625,21.825542449951172,,24.37828826904297,20.762178421020508,56.3902587890625,23.822120666503906,43.243770599365234,23.746612548828125,19.466569900512695,64.50292205810547,39.4575080871582
2017-03-31,204.08921813964844,21.892379760742188,,23.872821807861328,20.076879501342773,55.70526885986328,24.258983612060547,42.83566665649414,23.347627639770508,19.293596267700195,63.961002349853516,40.179325103759766
2017-04-30,207.01171875,22.237825393676758,,23.308256149291992,19.97861671447754,57.059478759765625,24.841201782226562,43.534366607666016,23.533735275268555,19.587987899780273,65.17703247070312,41.266326904296875
2017-05-31,209.9332275390625,22.242023468017578,,22.483671188354492,19.740873336791992,58.07440948486328,25.823331832885742,44.68622589111328,23.689876556396484,20.398794174194336,65.677734375,41.719970703125
2017-06-30,210.2462921142578,22.547908782958984,,22.305011749267578,20.94655418395996,58.581878662109375,24.99650764465332,43.34501647949219,23.942686080932617,19.686498641967773,68.40568542480469,41.06930160522461
2017-07-31,215.61407470703125,23.002967834472656,,23.046667098999023,21.384634017944336,59.031978607177734,26.216323852539062,43.98133850097656,24.43575096130371,20.327470779418945,69.24068450927734,41.98966979980469
2017-08-31,216.24317932128906,23.183998107910156,,21.783981323242188,21.05223274230957,59.161617279052734,26.982271194458008,43.49637222290039,24.683183670043945,20.995895385742188,70.45406341552734,41.20834732055664
2017-09-30,219.5109405517578,23.912309646606445,,23.69011878967285,22.04092025756836,61.35662078857422,27.106098175048828,42.916011810302734,24.17332649230957,20.262544631958008,70.83540344238281,41.40138244628906
2017-10-31,225.798583984375,24.972278594970703,,23.802305221557617,22.76618766784668,62.09730529785156,28.975048065185547,42.47336196899414,24.54288673400879,21.213762283325195,70.55681610107422,42.42879867553711
2017-11-30,232.7003173828125,25.209304809570312,,24.21939468383789,23.553592681884766,64.68434143066406,29.38469886779785,44.8414306640625,25.260295867919922,21.783355712890625,72.6097640991211,44.57814407348633
2017-12-31,234.32481384277344,25.6198673248291,,25.326969146728516,23.887378692626953,65.69135284423828,29.435338973999023,45.513458251953125,24.875165939331055,20.274686813354492,71.92256927490234,45.519073486328125
2018-01-31,248.79635620117188,26.774805068969727,,26.40944480895996,25.57183265686035,69.59197235107422,31.62409210205078,46.60126876831055,24.66858673095703,19.826618194580078,76.9437255859375,49.894752502441406
2018-02-28,239.74998474121094,25.362695693969727,,23.547988891601562,24.82376480102539,66.90363311767578,31.49472999572754,43.046939849853516,22.9888916015625,19.057483673095703,73.48519897460938,48.16387176513672
2018-03-31,232.2481689453125,24.218544006347656,,23.78438377380371,23.705965042114258,64.84368133544922,30.22422981262207,42.41828155517578,23.729482650756836,19.628507614135742,71.0921401977539,46.87726593017578
2018-04-30,234.38348388671875,24.340959548950195,,26.22792625427246,23.688705444335938,63.29095458984375,30.337329864501953,40.8896598815918,23.723209381103516,20.184221267700195,72.09567260742188,48.133934020996094
2018-05-31,240.08114624023438,24.840503692626953,,27.013235092163086,23.45569610595703,65.23651123046875,32.395042419433594,40.249359130859375,24.253124237060547,19.96108055114746,72.22714233398438,49.090110778808594
2018-06-30,240.38235473632812,24.793537139892578,46.07215118408203,26.984804153442383,22.946544647216797,62.77389907836914,32.19575119018555,41.76499557495117,25.120946884155273,20.34080696105957,73.14740753173828,50.733253479003906
2018-07-31,250.40711975097656,25.621007919311523,45.07685089111328,27.589218139648438,24.224679946899414,67.6801986694336,32.984169006347656,43.75459671020508,25.598539352416992,20.85057830810547,78.2302474975586,51.7833251953125
2018-08-31,258.40008544921875,25.423688888549805,45.7465934753418,26.630468368530273,24.55402946472168,67.83859252929688,35.16078186035156,43.926124572753906,26.218170166015625,21.119157791137695,81.61705017089844,54.426719665527344
2018-09-30,258.7649841308594,24.848905563354492,45.57916259765625,27.095531463623047,23.903989791870117,68.98242950439453,35.035213470458984,44.04863357543945,25.257749557495117,20.79528045654297,83.70187377929688,54.55236053466797
2018-10-31,241.97369384765625,22.67436408996582,42.94172668457031,24.191299438476562,22.878307342529297,61.78287887573242,32.34001159667969,45.248104095458984,25.11740493774414,21.396699905395508,78.33209991455078,49.18879318237305
2018-11-30,246.46209716796875,23.536338806152344,41.98103332519531,23.813087463378906,23.479001998901367,64.13468170166016,31.705345153808594,46.276283264160156,26.494985580444336,22.15389633178711,84.66403198242188,50.40707778930664
2018-12-31,223.45657348632812,21.77359390258789,38.502044677734375,20.657690048217773,20.736736297607422,56.94672775268555,28.92401123046875,41.76874542236328,24.264244079589844,21.089834213256836,76.3980712890625,46.21542739868164
2019-01-31,242.7571258544922,23.142858505249023,43.165748596191406,23.188705444335938,22.723129272460938,63.845947265625,31.064924240112305,44.31744384765625,27.186155319213867,22.00847816467285,80.43525695800781,50.97482681274414
2019-02-28,250.62632751464844,23.88031005859375,42.96924591064453,23.7231502532959,23.231203079223633,67.9113998413086,33.21154022216797,45.106021881103516,27.487077713012695,22.912765502929688,81.3046646118164,51.64493942260742
2019-03-31,254.0438232421875,24.075515747070312,43.76462936401367,24.039459228515625,22.521644592285156,66.74602508544922,34.6832275390625,46.57524490356445,28.6828556060791,23.37898063659668,81.39336395263672,53.35066223144531
2019-04-30,265.58685302734375,25.029062271118164,46.935218811035156,24.224346160888672,24.670480728149414,69.7969970703125,37.00996017456055,48.16580581665039,28.695865631103516,23.771013259887695,79.47933959960938,56.45738220214844
2019-05-31,248.65011596679688,22.981422424316406,44.14178466796875,21.53478240966797,22.900760650634766,64.46448516845703,33.80315017700195,46.41311264038086,29.04629898071289,23.584760665893555,77.71627807617188,52.1644172668457
2019-06-30,264.66552734375,25.486513137817383,46.13843536376953,23.344926834106445,24.300691604614258,69.26914978027344,36.694923400878906,48.466270446777344,29.285240173339844,24.14350128173828,82.48894500732422,56.04829406738281
2019-07-31,269.97369384765625,25.568805694580078,47.71494674682617,23.184541702270508,24.999719619750977,69.92982482910156,38.11277770996094,49.97939682006836,30.03130531311035,24.303592681884766,81.49957275390625,56.95872497558594
2019-08-31,265.4534912109375,24.845653533935547,46.54038619995117,21.25434684753418,23.822744369506836,68.07868194580078,37.52766036987305,51.06425094604492,31.476274490356445,25.54019546508789,81.01669311523438,56.42084884643555
2019-09-30,269.3747253417969,25.50745391845703,46.53099822998047,21.890350341796875,24.778486251831055,69.75907897949219,37.99953079223633,51.65294647216797,31.580638885498047,26.421735763549805,80.59639739990234,56.94929122924805
2019-10-31,276.6006164550781,25.631290435791016,47.675533294677734,21.62784767150879,25.52743148803711,70.92373657226562,39.604190826416016,51.738582611083984,31.783966064453125,26.424551010131836,85.07964324951172,57.2092170715332
2019-11-30,286.6130676269531,26.4461727142334,49.50269317626953,21.97488021850586,26.81714630126953,74.1126480102539,41.7294921875,52.44919204711914,31.23443603515625,25.93101692199707,89.33586120605469,57.96663284301758
2019-12-31,293.4977111816406,27.05402374267578,50.510459899902344,22.404006958007812,27.377500534057617,73.59771728515625,43.390899658203125,53.278221130371094,31.250595092773438,26.576723098754883,91.4639663696289,59.37260818481445
2020-01-31,294.8216552734375,25.524574279785156,50.8846549987793,20.737939834594727,26.783802032470703,73.63677978515625,45.27052688598633,53.88521957397461,32.04820251464844,28.59146499633789,89.97206115722656,59.52085494995117
2020-02-29,271.4818420410156,23.34990692138672,47.91143035888672,17.567487716674805,23.77107048034668,66.34663391113281,41.9653434753418,49.45875549316406,30.054889678955078,25.772932052612305,84.0459213256836,55.01356887817383
2020-03-31,236.1926727294922,19.948406219482422,41.7573356628418,11.277029991149902,18.612773895263672,53.572998046875,38.166297912597656,46.45659637451172,25.324851989746094,22.966842651367188,80.38858032226562,46.58319854736328
2020-04-30,267.7505187988281,23.131391525268555,47.592079162597656,15.076262474060059,20.54668617248535,58.7464714050293,43.63566207885742,49.973602294921875,27.91793441772461,23.971254348754883,90.94676971435547,55.647987365722656
2020-05-31,280.507568359375,24.723129272460938,51.132144927978516,15.377786636352539,21.10565948486328,61.91207504272461,46.76715087890625,50.80563735961914,28.51875877380371,24.98854637145996,93.93791198730469,59.270362854003906
2020-06-30,284.2314147949219,25.124401092529297,51.15108871459961,15.016749382019043,20.862234115600586,62.854434967041016,49.87955093383789,50.2995491027832,28.650442123413086,23.623788833618164,91.2568359375,60.95029830932617
2020-07-31,302.29486083984375,27.0601863861084,55.13361358642578,14.477983474731445,21.802837371826172,65.91797637939453,52.86036682128906,54.201194763183594,30.07357406616211,25.67840576171875,96.64363861083984,65.53630065917969
2020-08-31,323.3940124511719,28.2392520904541,59.999176025390625,14.325292587280273,22.73736572265625,71.50531768798828,59.1406135559082,56.69082260131836,30.065282821655273,25.011425018310547,99.14376068115234,71.79813385009766
2020-09-30,310.04388427734375,28.530656814575195,56.33815002441406,12.034852027893066,21.839120864868164,70.74259948730469,55.86167526245117,55.41143035888672,29.25248146057129,25.066308975219727,96.59783935546875,70.3104019165039
2020-10-31,303.52349853515625,28.45779800415039,56.26723861694336,11.730462074279785,21.767654418945312,69.99351501464844,53.18374252319336,54.14130401611328,28.494054794311523,26.559181213378906,93.46969604492188,68.53791046142578
2020-11-30,336.53985595703125,31.975616455078125,62.160091400146484,15.0143404006958,25.435134887695312,81.2116470336914,59.23802947998047,58.18495178222656,30.454835891723633,26.755033493041992,100.89873504638672,75.38831329345703
2020-12-31,347.5267333984375,32.60620880126953,64.13705444335938,15.479964256286621,26.89482307434082,81.69137573242188,62.37552261352539,58.654544830322266,30.504901885986328,26.695425033569336,104.30065155029297,77.07577514648438
2021-01-31,345.4515686035156,31.9769344329834,63.66828536987305,16.27474021911621,26.552963256835938,78.52766418457031,61.99665069580078,56.199283599853516,31.069093704223633,26.684879302978516,106.1986312866211,77.80935668945312
2021-02-28,355.05694580078125,33.294227600097656,68.13306427001953,19.92952537536621,29.634763717651367,83.93763732910156,62.842952728271484,55.506553649902344,31.559309005737305,25.057594299316406,103.96443176269531,77.3963394165039
2021-03-31,369.96466064453125,35.67076110839844,69.79902648925781,20.306180953979492,31.230690002441406,91.2002944946289,63.86238479614258,59.899723052978516,33.376461029052734,27.496376037597656,107.77735137939453,80.71984100341797
2021-04-30,390.81549072265625,37.748844146728516,74.43317413330078,20.659664154052734,33.40510177612305,94.71466064453125,67.31727600097656,61.34326934814453,36.50960922241211,28.86096954345703,112.40373229980469,86.06732940673828
2021-05-31,393.38153076171875,39.667205810546875,75.13887023925781,21.839265823364258,34.99890899658203,97.6788558959961,66.69084167480469,62.42767333984375,36.927894592285156,28.18616485595703,114.50672149658203,83.14260864257812
2021-06-30,400.89251708984375,37.416996002197266,77.21784973144531,22.53363609313965,33.80126190185547,95.1513900756836,71.15294647216797,61.68709945678711,37.84128189086914,27.351306915283203,116.683837890625,85.88933563232422
2021-07-31,412.02301025390625,38.36015701293945,78.72283172607422,20.870805740356445,33.77791213989258,96.34713745117188,74.05437469482422,63.45429992675781,39.847389221191406,28.758176803588867,122.90547180175781,86.92242431640625
2021-08-31,424.28472900390625,39.08608627319336,81.79914093017578,20.45246124267578,35.51675796508789,97.41912078857422,76.69023895263672,64.11981201171875,40.96428680419922,29.878511428833008,125.75140380859375,88.47370147705078
2021-09-30,403.21893310546875,36.118438720703125,76.5350112915039,22.011749267578125,34.71207809448242,91.20167541503906,72.08477020263672,61.08507537841797,38.189231872558594,27.847084045410156,118.39474487304688,86.4503173828125
2021-10-31,432.8926696777344,39.032257080078125,76.84779357910156,24.580230712890625,37.398311614990234,97.71505737304688,78.1163330078125,63.61763381958008,41.31472396850586,29.388811111450195,124.89717864990234,97.04931640625
2021-11-30,429.41436767578125,38.816741943359375,72.1297378540039,23.348438262939453,35.26179885864258,94.23626708984375,81.59346771240234,62.76047897338867,40.94322204589844,28.88808250427246,121.07987976074219,98.63664245605469
2021-12-31,447.7010498046875,41.54973602294922,74.3404312133789,23.737648010253906,36.27431869506836,98.94947814941406,84.08399963378906,68.84992218017578,44.761940002441406,31.440006256103516,131.49575805664062,98.63664245605469
2022-01-31,425.57855224609375,38.9212760925293,70.91637420654297,28.559406280517578,36.45744705200195,94.56360626220703,78.47731018066406,68.29704284667969,41.25030517578125,30.655685424804688,122.95057678222656,89.36688995361328
2022-02-28,413.0167541503906,38.428131103515625,65.64201354980469,30.578319549560547,35.95342254638672,93.76573181152344,74.6496353149414,67.3351058959961,39.27230453491211,30.07134246826172,121.76070404052734,85.73324584960938
2022-03-31,427.2150573730469,40.626529693603516,65.9584732055664,33.11712646484375,35.766746520996094,96.66629028320312,77.00436401367188,68.2251205444336,42.1042366027832,32.96204376220703,128.34715270996094,89.39103698730469
2022-04-30,390.9294738769531,39.33614730834961,56.78116989135742,32.86967849731445,32.336631774902344,89.60404968261719,68.64707946777344,70.11495208740234,40.83808898925781,31.756254196166992,122.4506607055664,78.82368469238281
2022-05-31,391.8119812011719,39.79876708984375,57.85795593261719,38.140193939208984,33.236175537109375,89.18965148925781,68.17621612548828,67.25220489501953,38.75236892700195,33.12437057495117,124.27393341064453,74.78765106201172
2022-06-30,357.9566955566406,34.0484619140625,52.175994873046875,31.2775821685791,29.469345092773438,82.2579116821289,61.7056884765625,65.18414306640625,35.80781936645508,31.252674102783203,120.52400970458984,66.53170013427734
2022-07-31,392.6086730957031,36.394287109375,54.32614517211914,34.68457794189453,31.755401611328125,90.47042846679688,70.18815612792969,67.775390625,39.17024612426758,33.2187385559082,124.95899200439453,78.98170471191406
2022-08-31,376.5895080566406,35.127262115478516,52.40829086303711,35.604549407958984,31.133665084838867,87.90692138671875,65.82755279541016,66.5197982788086,36.97056198120117,33.39393997192383,117.7483901977539,75.43110656738281
2022-09-30,340.3770751953125,31.680219650268555,46.15360641479492,31.853906631469727,28.59963607788086,78.36229705810547,57.80716323852539,60.714900970458984,31.811473846435547,29.427453994750977,114.30352020263672,69.09625244140625
2022-10-31,369.5533142089844,34.70289993286133,46.56023406982422,40.240333557128906,32.17812728881836,89.6773681640625,62.38468551635742,66.61365509033203,32.742897033691406,30.20111846923828,125.78872680664062,70.00891876220703
2022-11-30,390.0972595214844,38.764373779296875,49.74730682373047,40.75452423095703,34.38457489013672,96.68238830566406,66.33160400390625,70.68888854980469,34.98044204711914,32.3040657043457,131.72998046875,71.04911804199219
2022-12-31,365.936279296875,36.38932800292969,46.34776306152344,39.109134674072266,32.3864631652832,93.3462142944336,60.71126937866211,68.27122497558594,32.92119598388672,31.883481979370117,128.72616577148438,62.78103256225586
2023-01-31,390.7351989746094,39.91132354736328,53.32609558105469,40.623172760009766,34.838409423828125,97.26799011230469,66.5220718383789,68.01371002197266,36.594722747802734,31.50146484375,126.88728332519531,72.47695922851562
2023-02-28,380.91107177734375,38.58173751831055,51.796409606933594,37.804443359375,34.037967681884766,96.42756652832031,66.79606628417969,66.4365005493164,34.44899368286133,29.636642456054688,120.99774169921875,70.93677520751953
2023-03-31,393.5325012207031,38.03009796142578,56.12407302856445,37.415958404541016,30.63606834411621,96.62814331054688,73.88567352294922,68.90837860107422,33.700687408447266,30.863142013549805,123.17658996582031,72.88638305664062
2023-04-30,401.3450012207031,38.14341354370117,58.15118408203125,38.85624694824219,31.764917373657227,95.8930435180664,73.96052551269531,71.76976013183594,34.276466369628906,31.683137893676758,127.54459381103516,72.2874755859375
2023-05-31,403.1977233886719,35.52475357055664,60.42286682128906,34.95830154418945,30.414648056030273,92.8724136352539,80.55582427978516,67.34900665283203,32.72380828857422,29.822933197021484,122.10009002685547,74.12081146240234
2023-06-30,427.7359619140625,39.24202346801758,63.179962158203125,37.048770904541016,32.282039642333984,102.91242218017578,85.2534408569336,68.73917388916016,34.22199249267578,30.05717658996582,126.78044891357422,83.01862335205078
2023-07-31,443.3780517578125,40.79069137573242,66.89009857177734,40.28056716918945,33.9852294921875,106.30852508544922,87.6383285522461,70.70153045654297,35.009437561035156,31.05363655090332,128.6642608642578,85.11083984375
2023-08-31,436.17230224609375,39.444007873535156,65.85935974121094,40.9436149597168,33.071388244628906,104.20008087158203,86.3165054321289,67.91081237792969,33.9368896484375,29.150691986083984,127.76272583007812,83.62651824951172
2023-09-30,414.022216796875,37.3787727355957,63.75901794433594,41.6204833984375,31.907440185546875,97.60513305664062,80.55256652832031,64.22406768798828,31.23257064819336,27.284786224365234,123.47550201416016,78.86004638671875
2023-10-31,406.463134765625,36.36835861206055,63.08948516845703,39.515586853027344,31.267423629760742,95.08334350585938,80.7640151977539,63.76662063598633,30.585277557373047,27.860620498657227,119.93718719482422,74.64247131347656
2023-11-30,443.5909729003906,39.40463638305664,68.01225280761719,39.232635498046875,34.687904357910156,103.48384857177734,91.17899322509766,66.3977279663086,34.40150833129883,29.293556213378906,126.45698547363281,82.82810974121094
2023-12-31,461.9702453613281,40.90125274658203,70.82945251464844,38.88938522338867,36.330509185791016,110.19265747070312,94.78361511230469,67.6850814819336,37.016502380371094,29.55961036682129,131.339599609375,87.75028991699219
2024-01-31,471.2306823730469,39.58367156982422,74.14999389648438,39.06154251098633,37.63675308227539,109.72637939453125,97.55902099609375,69.04085540771484,35.6078987121582,28.952306747436523,135.7970733642578,84.02835083007812
2024-02-29,495.82269287109375,42.15966796875,77.55065155029297,40.34001922607422,39.170963287353516,117.6091079711914,102.14875793457031,70.48945617675781,36.52307891845703,29.25855255126953,140.09214782714844,90.66036224365234
2024-03-31,510.4510498046875,44.72603225708008,79.79823303222656,44.212928771972656,40.899383544921875,122.43010711669922,102.78541564941406,72.29784393310547,36.9152946472168,30.931142807006836,142.90711975097656,90.40472412109375
2024-04-30,491.3919372558594,42.82816696166992,76.29076385498047,44.15006637573242,39.33794021606445,118.47955322265625,97.02311706542969,72.00987243652344,34.02632141113281,31.704492568969727,136.23887634277344,86.52705383300781
2024-05-31,516.2463989257812,44.229515075683594,81.5819320678711,43.99899673461914,40.58552169799805,120.4197769165039,103.88944244384766,73.76480865478516,35.77511215209961,34.545265197753906,139.5106201171875,86.69950866699219
2024-06-30,532.7409057617188,42.67353820800781,83.93356323242188,43.031211853027344,40.06895065307617,118.82080841064453,111.83338165283203,73.0399398803711,36.11358642578125,32.36955642700195,141.5008544921875,89.86752319335938
2024-07-31,540.9314575195312,44.73638916015625,84.28321075439453,44.357093811035156,42.8011474609375,125.08918762207031,108.35023498535156,74.81182098388672,39.12083053588867,34.8573112487793,145.8369598388672,92.57406616210938
2024-08-31,553.5706787109375,45.77541732788086,85.78633117675781,43.43864059448242,44.75822448730469,128.61117553710938,109.10789489746094,79.28996276855469,41.362274169921875,36.53337860107422,153.21505737304688,92.3913803100586
2024-09-30,563.4699096679688,46.79501724243164,88.81224822998047,41.782562255859375,44.347232818603516,132.50491333007812,111.79683685302734,79.76083374023438,42.4260139465332,38.68352508544922,150.1156768798828,98.93362426757812
2024-10-31,560.1546020507812,45.54568099975586,90.69786834716797,42.50666809082031,45.64728546142578,131.3549346923828,110.25142669677734,77.40237426757812,41.31745147705078,38.52621841430664,143.68081665039062,97.41595458984375
2024-11-30,593.5585327148438,46.223575592041016,96.96513366699219,45.836578369140625,50.42021942138672,141.32701110839844,115.95149230957031,80.39723205566406,43.03901290893555,39.982215881347656,144.20909118652344,109.98815155029297
2024-12-31,577.3342895507812,41.034515380859375,95.3983154296875,41.10082244873047,47.464141845703125,129.32318115234375,115.35123443603516,75.943603515625,38.897701263427734,36.491668701171875,134.582763671875,111.00243377685547
